Month,2008-01,,2008-02,,2008-03,,2008-04,,2008-05,,2008-06,,2008-07,,2008-08,,2008-09,,2008-10,,2008-11,,2008-12,,2009-01,,2009-02,,2009-03,,2009-04,,2009-05,,2009-06,,2009-07,,2009-08,,2009-09,,2009-10,,2009-11,,2009-12,,2010-01,,2010-02,,2010-03,,2010-04,,2010-05,,2010-06,,2010-07,,2010-08,,2010-09,,2010-10,,2010-11,,2010-12,,2011-01,,2011-02,,2011-03,,2011-04,,2011-05,,2011-06,,2011-07,,2011-08,,2011-09,,2011-10,,2011-11,,2011-12,,2012-01,,2012-02,,2012-03,,2012-04,,2012-05,,2012-06,,2012-07,,2012-08,,2012-09,,2012-10,,2012-11,,2012-12,,2013-01,,2013-02,,2013-03,,2013-04,,2013-05,,2013-06,,2013-07,,2013-08,,2013-09,,2013-10,,2013-11,,2013-12,,2014-01,,2014-02,,2014-03,,2014-04,,2014-05,,2014-06,,2014-07,,2014-08,,2014-09,,2014-10,,2014-11,,2014-12,,2015-01,,2015-02,,2015-03,,2015-04,,2015-05,,2015-06,,2015-07,,2015-08,,2015-09,,2015-10,,2015-11,,2015-12,,2016-01,,2016-02,,2016-03,,2016-04,,2016-05,,2016-06,,2016-07,,2016-08,,2016-09,,2016-10,,2016-11,,2016-12,,2017-01,,2017-02,,2017-03,,2017-04,,2017-05,,2017-06,,2017-07,,2017-08,,2017-09,,2017-10,,2017-11,,2017-12,,2018-01,,2018-02,,2018-03,,2018-04,,2018-05,,2018-06,,2018-07,,2018-08,,2018-09,,2018-10,,2018-11,,2018-12,,2019-01,,2019-02,,2019-03,,2019-04,,2019-05,,2019-06,,2019-07,,2019-08,,2019-09,,2019-10,,2019-11,,2019-12,,2020-01,,2020-02,,2020-03,,2020-04,,2020-05,,2020-06,,2020-07,,2020-08,,2020-09,,2020-10,,2020-11,,2020-12,,2021-01,,2021-02,,2021-03,,2021-04,,2021-05,,2021-06,,2021-07,,2021-08,,2021-09,,2021-10,,2021-11,,2021-12,,2022-01,,2022-02,,2022-03,,2022-04,,2022-05,,2022-06,,2022-07,,2022-08,,2022-09,,2022-10,,2022-11,,2022-12,,2023-01,,2023-02,,2023-03,,2023-04,,2023-05,,2023-06,,2023-07,,2023-08,,2023-09,,2023-10,,2023-11,,2023-12,,2024-01,,2024-02,,2024-03,,2024-04,,2024-05,,2024-06,,2024-07,,2024-08,,2024-09,,2024-10,,2024-11,,2024-12,,2025-01,,2025-02,,2025-03,
European Union - 27 countries (from 2020),:,,:,,:,,:,,:,,:,,:,,:,,:,,:,,:,,:,,:,,:,,:,,:,,:,,:,,:,,:,,:,,:,,:,,:,,:,,:,,:,,:,,:,,:,,:,,:,,:,,:,,:,,:,,:,,:,,:,,:,,:,,:,,:,,:,,:,,:,,:,,:,,:,,:,,:,,:,,:,,:,,:,,:,,:,,:,,:,,:,,:,,:,,:,,:,,:,,:,,:,,:,,:,,:,,:,,:,,"53,575.00",,"44,978.00",,"48,792.00",,"47,342.00",,"50,724.00",,"46,070.00",,"47,634.00",,"42,248.00",,"43,615.00",,"47,023.00",,"48,260.00",,"48,284.00",,"46,359.00",,"41,279.00",,"48,523.00",,"47,827.00",,"48,967.00",,"46,652.00",,"51,141.00",,"47,568.00",,"49,121.00",,"51,296.00",,"48,508.00",,"53,021.00",,"49,993.00",,"48,277.00",,"50,915.00",,"49,236.00",,"50,808.00",,"48,298.00",,"51,430.00",,"46,568.00",,"47,762.00",,"55,174.00",,"55,193.00",,"57,346.00",,"63,072.00",,"51,839.30",,"51,197.80",,"54,164.00",,"55,002.60",,"49,900.00",,"54,218.20",,"55,355.50",,"51,169.60",,"56,030.20",,"58,101.40",,"61,217.40",,"54,731.50",,"55,040.80",,"58,625.00",,"55,773.60",,"58,065.40",,"54,032.70",,"53,607.90",,"56,541.70",,"55,272.70",,"53,971.90",,"55,483.40",,"57,810.00",,"60,805.14",,"51,775.33",,"59,563.67",,"60,639.22",,"63,152.11",,"56,993.60",,"55,526.79",,"52,219.90",,"51,088.55",,"54,070.59",,"58,462.25",,"60,294.11",,"53,509.94",,"52,364.97",,"57,615.73",,"55,751.29",,"55,648.23",,"53,764.33",,"49,214.97",,"52,429.80",,"51,166.45",,"51,698.30",,"52,371.08",,"55,249.36",,"58,265.46",,"46,720.53",,"58,385.99",,"58,665.66",,"58,015.72",,"51,692.36",,"49,776.28",,"50,827.77",,"50,671.79",,"52,827.29",,"50,217.97",,"55,158.18",,"51,991.24",,"48,288.22",,"59,267.67",,"56,196.82",,"57,444.65",,"49,483.48",,"48,837.41",,"47,118.67",,"42,727.85",,"46,032.69",,"42,851.25",,"45,973.78",,"41,784.89",,"38,345.68",,"40,403.00",,"44,808.42",,"44,180.44",,"37,163.41",,"40,440.02",,"38,592.88",,"31,886.52",,"38,926.75",,"40,764.93",,"40,812.16",,"38,815.29",,"35,835.17",,"38,036.42",,"38,138.75",,"37,607.60",,"37,062.43",,"38,675.20",,"36,827.32",,"31,904.72",,"35,927.25",,"36,254.39",,"37,795.46",,"36,782.47",,"35,056.35",,:,
Belgium,:,,:,,:,,:,,:,,:,,:,,:,,:,,:,,:,,:,,:,,:,,:,,:,,:,,:,,:,,:,,:,,:,,:,,:,,:,,:,,:,,:,,:,,:,,:,,:,,:,,:,,:,,:,,:,,:,,:,,:,,:,,:,,:,,:,,:,,:,,:,,:,,:,,:,,:,,:,,:,,:,,:,,:,,:,,:,,:,,:,,:,,:,,:,,:,,:,,:,,:,,:,,:,,:,,:,,:,,"3,839.00",,"3,055.00",,"3,270.00",,"3,169.00",,"3,466.00",,"3,057.00",,"3,201.00",,"3,204.00",,"2,992.00",,"3,442.00",,"3,344.00",,"4,118.00",,"4,243.00",,"3,674.00",,"3,890.00",,"3,140.00",,"2,689.00",,"2,632.00",,"3,233.00",,"3,424.00",,"3,432.00",,"3,772.00",,"3,365.00",,"3,675.00",,"3,494.00",,"3,298.00",,"3,761.00",,"3,292.00",,"3,384.00",,"2,541.00",,"3,526.00",,"3,134.00",,"3,169.00",,"3,590.00",,"4,105.00",,"4,740.00",,"4,964.00",,"3,748.30",,"3,329.80",,"4,003.00",,"3,613.60",,"3,113.00",,"3,879.20",,"3,660.50",,"3,101.60",,"3,449.20",,"4,073.40",,"5,119.40",,"4,336.50",,"4,921.80",,"4,138.00",,"2,858.60",,"3,646.40",,"3,007.70",,"3,983.90",,"3,635.70",,"3,149.70",,"3,131.90",,"3,406.40",,"3,423.00",,"3,915.80",,"3,193.50",,"3,920.20",,"3,781.42",,"4,294.70",,"3,354.40",,"3,332.90",,"3,247.50",,"2,979.00",,"3,322.00",,"3,766.00",,"4,258.70",,"3,646.40",,"4,222.20",,"4,832.90",,"3,914.30",,"4,676.50",,"3,704.40",,"2,971.40",,"2,430.60",,"2,680.00",,"2,671.80",,"3,547.10",,"3,398.80",,"4,925.10",,"3,285.30",,"3,916.20",,"3,740.30",,"3,689.40",,"2,429.40",,"2,682.70",,"2,421.20",,"2,455.50",,"4,039.30",,"3,374.70",,"4,046.10",,"4,337.30",,"3,911.20",,"5,036.20",,"5,416.40",,"5,529.90",,"5,552.40",,"5,019.80",,"5,238.20",,"5,079.00",,"5,518.00",,"4,866.50",,"5,577.80",,"5,243.20",,"4,612.60",,"4,956.60",,"5,685.00",,"5,459.40",,"3,456.10",,"3,777.90",,"3,295.60",,"2,561.60",,"3,941.20",,"4,285.50",,"4,566.10",,"4,202.70",,"3,867.00",,"4,105.30",,"3,552.70",,"3,502.80",,"3,545.50",,"3,922.30",,"3,470.10",,"2,659.60",,"3,187.80",,"2,789.50",,"2,965.10",,"3,103.40",,"3,709.30",,"3,578.80",
Bulgaria,:,,:,,:,,:,,:,,:,,:,,:,,:,,:,,:,,:,,:,,:,,:,,:,,:,,:,,:,,:,,:,,:,,:,,:,,:,,:,,:,,:,,:,,:,,:,,:,,:,,:,,:,,:,,:,,:,,:,,:,,:,,:,,:,,:,,:,,:,,:,,:,,:,,:,,:,,:,,:,,:,,:,,:,,:,,:,,:,,:,,:,,:,,:,,:,,:,,:,,:,,:,,:,,:,,:,,:,,"1,681.00",,"1,579.00",,"1,678.00",,"1,556.00",,"1,579.00",,"1,155.00",,"1,402.00",,"1,279.00",,"1,377.00",,"1,178.00",,"1,092.00",,"1,605.00",,"1,678.00",,"1,483.00",,"1,289.00",,"1,002.00",,781,,983,,"1,303.00",,"1,533.00",,"1,140.00",,"1,402.00",,"1,612.00",,"2,006.00",,"1,958.00",,"1,299.00",,"1,272.00",,"1,293.00",,"1,386.00",,"1,366.00",,"1,069.00",,"1,232.00",,"1,034.00",,"1,647.00",,"1,800.00",,"2,028.00",,"2,073.00",,"1,734.00",,"1,619.00",,"1,530.00",,"1,512.00",,"1,411.00",,"1,407.00",,"1,349.00",,"1,318.00",,"1,531.00",,"1,880.00",,"1,900.00",,"2,000.00",,"1,800.00",,"1,800.00",,"1,100.00",,"1,000.00",,"1,300.00",,"1,300.00",,"1,117.00",,"1,342.00",,"1,213.00",,"1,502.00",,"1,637.00",,"1,237.00",,721,,735,,914,,849,,778,,809,,787,,635,,866,,778,,863,,616.058,,455.063,,507.842,,421.678,,509.949,,480.392,,582.366,,567.998,,576.603,,446.34,,638.322,,670.775,,932.285,,875.599,,"1,077.42",,999.957,,"1,014.85",,855.348,,"1,185.07",,"1,139.33",,939.214,,"1,302.13",,"1,038.26",,"1,417.75",,"1,110.21",,"1,159.91",,"1,343.66",,932.328,,"1,120.22",,968.854,,"1,623.79",,"1,561.07",,"1,380.61",,"1,328.25",,"1,216.77",,"1,615.29",,"1,046.46",,"1,172.89",,"1,082.21",,"1,261.37",,911.299,,875.187,,"1,524.55",,"1,682.25",,"1,634.47",,"1,676.53",,"1,505.56",,"1,479.04",,"1,412.12",,"1,368.06",,"1,529.55",,"1,361.65",,"1,570.20",,"1,408.00",,"1,673.21",,"1,652.20",,"1,611.43",,"1,654.92",,"1,720.28",,"1,733.98",,"1,758.86",,"1,742.66",,"1,612.21",p
Czechia,:,,:,,:,,:,,:,,:,,:,,:,,:,,:,,:,,:,,:,,:,,:,,:,,:,,:,,:,,:,,:,,:,,:,,:,,:,,:,,:,,:,,:,,:,,:,,:,,:,,:,,:,,:,,:,,:,,:,,:,,:,,:,,:,,:,,:,,:,,:,,:,,:,,:,,:,,:,,:,,:,,:,,:,,:,,:,,:,,:,,:,,:,,:,,:,,:,,:,,:,,:,,:,,:,,:,,:,,"3,094.00",p,"2,896.00",,"3,123.00",,"2,956.00",,"3,004.00",,"2,701.00",,"2,745.00",,"2,571.00",,"3,065.00",,"3,526.00",,"3,374.00",,"3,487.00",,"3,285.00",,"2,482.00",,"3,308.00",,"3,360.00",,"3,474.00",,"3,086.00",,"2,759.00",,"2,527.00",,"2,823.00",,"2,973.00",,"2,796.00",,"2,810.00",,"2,543.00",,"2,635.00",,"2,706.00",,"2,765.00",,"2,816.00",,"2,813.00",,"2,995.00",,"2,565.00",,"2,617.00",,"3,211.00",,"3,218.00",,"3,091.00",,"3,554.00",,"2,824.00",,"2,953.00",,"2,759.00",,"2,622.00",,"2,059.00",,"2,465.00",,"2,779.00",,"2,784.00",,"3,555.00",,"3,381.00",,"3,275.00",,"3,253.00",,"3,371.00",,"3,229.00",,"3,358.00",,"3,583.00",,"3,191.00",,"2,691.00",,"3,776.00",,"3,497.00",,"3,331.00",,"3,366.00",,"3,124.00",,"3,227.00",,"2,825.00",p,"3,033.00",,"3,197.00",,"3,478.00",,"3,580.00",,"2,478.00",,"3,359.00",,"2,857.00",,"2,439.00",,"2,716.00",,"2,938.00",,"3,953.89",,"3,589.40",,"3,721.68",,"3,422.78",,"3,370.91",,"3,904.14",,"2,990.44",,"4,499.59",,"4,316.38",,"3,400.45",,"3,129.66",,"3,182.25",,"3,924.25",,"2,861.37",,"4,062.43",,"4,463.19",,"4,429.74",,"4,103.26",,"3,469.47",,"4,083.27",,"4,436.86",,"3,637.08",,"3,163.26",,"3,018.10",,"3,368.43",,"3,030.89",,"3,740.06",,"3,646.27",,"3,600.61",,"2,992.09",,"1,764.57",,"1,260.41",,776.197,,"1,243.32",,"1,046.53",,615.205,,611.867,,541.67,,558.674,,678.896,,"1,032.18",,889.483,,572.478,,587.094,,473.931,,589.059,,596.602,,700.718,,463.02,,557.947,,337.526,,343.162,,639.994,,792.752,,585.173,,574.644,,426.302,,507.409,,423.153,,408.034,,473.41,,461.509,,552.479,p
Denmark,:,,:,,:,,:,,:,,:,,:,,:,,:,,:,,:,,:,,:,,:,,:,,:,,:,,:,,:,,:,,:,,:,,:,,:,,:,,:,,:,,:,,:,,:,,:,,:,,:,,:,,:,,:,,:,,:,,:,,:,,:,,:,,:,,:,,:,,:,,:,,:,,:,,:,,:,,:,,:,,:,,:,,:,,:,,:,,:,,:,,:,,:,,:,,:,,:,,:,,:,,:,,:,,:,,:,,:,,63,,56,,54,,56,,58,,64,,30,,43,,34,,53,,53,,58,,44,,45,,27,,56,,53,,59,,52,,53,,53,,57,,85,,75,,90,,82,,60,,52,,76,,51,,46,,38,,38,,53,,70,,26,,70,,42,,41,,44,,36,,26,,58,,64,,40,,31,,33,,31,,26,,1,,99,,10,,27,,35,,36,,49,,28,,29,,23,,25,,14,,18,,22,,21,,19,,17,,19,,20,,66,,276,,334,,309,,176.15,,192.221,,233.014,,212.504,,231.57,,233.819,,249.669,,210.59,,179.327,,223.376,,241.217,,279.633,,205.849,,228.981,,199.883,,197.747,,197.802,,192.969,,185.535,,192.793,,220.489,,173.249,,194.817,,318.103,,208.877,,118.143,,150.799,,210.437,,314.575,,234.042,,154.629,,112.429,,66.127,,268.885,,361.216,,523.042,,638.746,,606.441,,673.178,,584.674,,535.813,,656.797,,855.987,,971.304,,706.4,,736.124,,837.651,,809.289,,826.484,,639.896,,593.878,,695.954,,796.652,,806.226,,868.718,,688.83,,48.294,,827.813,,765.392,,838.375,,695.946,,696.692,,676.609,
Germany,:,,:,,:,,:,,:,,:,,:,,:,,:,,:,,:,,:,,:,,:,,:,,:,,:,,:,,:,,:,,:,,:,,:,,:,,:,,:,,:,,:,,:,,:,,:,,:,,:,,:,,:,,:,,:,,:,,:,,:,,:,,:,,:,,:,,:,,:,,:,,:,,:,,:,,:,,:,,:,,:,,:,,:,,:,,:,,:,,:,,:,,:,,:,,:,,:,,:,,:,,:,,:,,:,,:,,:,,"13,241.00",,"11,322.00",,"12,019.00",,"10,667.00",,"13,085.00",,"10,733.00",,"11,774.00",,"10,177.00",,"11,163.00",,"12,533.00",,"14,754.00",,"12,361.00",,"11,063.00",,"9,629.00",,"12,041.00",,"11,667.00",,"12,352.00",,"11,545.00",,"12,269.00",,"10,218.00",,"11,391.00",,"12,727.00",,"13,002.00",,"13,736.00",,"13,357.00",,"13,626.00",,"13,490.00",,"12,928.00",,"12,137.00",,"11,140.00",,"12,295.00",,"10,667.00",,"10,898.00",,"13,097.00",,"13,011.00",,"13,915.00",,"14,819.00",,"12,108.00",,"13,395.00",,"12,969.00",,"12,323.00",,"11,093.00",,"12,243.00",,"11,599.00",,"10,627.00",,"14,327.00",,"13,937.00",,"14,115.00",,"14,303.00",,"12,893.00",,"14,277.00",,"13,704.00",,"14,270.00",,"12,952.00",,"10,925.00",,"13,602.00",,"12,785.00",,"14,127.00",,"14,270.00",,"14,284.00",,"15,223.00",,"13,558.00",,"14,578.00",,"14,017.00",,"13,960.00",,"12,253.00",,"10,537.00",,"11,282.00",,"11,346.00",,"12,924.00",,"14,263.00",,"14,955.00",,"15,329.10",,"13,971.74",,"14,008.03",,"13,002.85",,"12,768.45",,"12,055.90",,"9,596.71",,"11,862.91",,"12,191.11",,"13,028.37",,"13,687.58",,"13,989.92",,"13,710.40",,"12,927.54",,"14,938.99",,"14,362.20",,"13,749.29",,"12,087.76",,"10,443.03",,"11,326.42",,"12,073.63",,"12,430.14",,"12,821.29",,"13,582.25",,"13,500.55",,"12,560.11",,"13,875.99",,"14,506.35",,"13,297.70",,"10,988.09",,"9,663.22",,"9,531.47",,"8,159.23",,"9,473.25",,"8,974.71",,"9,093.55",,"9,191.34",,"8,381.20",,"8,477.78",,"8,676.15",,"8,568.72",,"6,537.82",,"6,654.72",,"6,427.09",,"4,766.36",,"6,896.12",,"7,973.00",,"8,735.96",,"8,138.36",,"7,075.04",,"7,138.91",,"6,931.05",,"6,220.65",,"6,357.27",,"6,411.61",,"6,018.55",,"4,955.88",,"6,641.59",,"7,528.46",,"8,005.57",,"7,461.74",,"6,758.24",,:,
Estonia,:,,:,,:,,:,,:,,:,,:,,:,,:,,:,,:,,:,,:,,:,,:,,:,,:,,:,,:,,:,,:,,:,,:,,:,,:,,:,,:,,:,,:,,:,,:,,:,,:,,:,,:,,:,,:,,:,,:,,:,,:,,:,,:,,:,,:,,:,,:,,:,,:,,:,,:,,:,,:,,:,,:,,:,,:,,:,,:,,:,,:,,:,,:,,:,,:,,:,,:,,:,,:,,:,,:,,:,,91,,62,,58,,41,,30,,19,,18,,21,,23,,43,,56,,68,,71,,58,,58,,40,,28,,20,,17,,20,,22,,40,,45,,54,,97,,61,,59,,41,,22,,18,,17,,17,,20,,46,,59,,61,,70,,64,,58,,44,,29,,17,,18,,19,,23,,44,,50,,57,,67,,73,,72,,37,,21,,18,,19,,25,,21,,38,,47,,66,,74,,53,,53,,34,,26,,16,,17,,19,,24,,36,,44,,65,,53.9,,49.7,,50.6,,36.9,,25.9,,16.5,,17,,18.5,,22.6,,29.6,,40.6,,59.2,,65,,70.6,,52.6,,39.2,,25.7,,16.8,,15.2,,20.2,,25.6,,30.6,,43.5,,72.4,,60.4,,49.8,,45.3,,31.1,,21.4,,14.8,,11.3,,12.6,,15.6,,18.5,,29.8,,42.8,,38.7,,35.1,,37,,84.2,,88,,81.8,,11,,92.7,,95.6,,50.3,,37.1,,50.8,,68.4,,43.4,,34.7,,73.4,,172,,151,,14.4,,141.7,,69.7,,40.7,,54.3,,111.5,,154,,132.1,,31,e
Ireland,:,,:,,:,,:,,:,,:,,:,,:,,:,,:,,:,,:,,:,,:,,:,,:,,:,,:,,:,,:,,:,,:,,:,,:,,:,,:,,:,,:,,:,,:,,:,,:,,:,,:,,:,,:,,:,,:,,:,,:,,:,,:,,:,,:,,:,,:,,:,,:,,:,,:,,:,,:,,:,,:,,:,,:,,:,,:,,:,,:,,:,,:,,:,,:,,:,,:,,:,,:,,:,,:,,:,,:,,368,,325,,365,,320,,405,,395,,357,,357,,369,,320,,331,,344,,379,,358,,352,,339,,333,,344,,359,,371,,354,,391,,334,,321,,226,,258,,238,,198,,174,,123,,72,,114,,166,,120,,176,,138,,140,,106,,124,,117,,69,,80,,104,,104,,302,,199,,173,,143,,134,,159,,187,,165,,155,,151,,162,,137,,159,,196,,230,,222,,257,,190,,245,,252,,251,,210,,219,,148,,218,,217,,306,,273,,302,,282,,297,,247,,265,,244,,267,,273,,302,,288,,314,,358,,409,,299,,347,,317,,262,,250,,361,,262,,245,,256,,325,,331,,382,,286,,333,,336,,305,,297,,336,,326,,282,,262,,302,,405,,369,,325,,374,,314,,310,,273,,296,,274,,246,,289,,340,,308,,424,,328,,342,,317,,324,,273,,283,,251,,298,,338,,431,,386,,460,,324,,367,
Greece,:,,:,,:,,:,,:,,:,,:,,:,,:,,:,,:,,:,,:,,:,,:,,:,,:,,:,,:,,:,,:,,:,,:,,:,,:,,:,,:,,:,,:,,:,,:,,:,,:,,:,,:,,:,,:,,:,,:,,:,,:,,:,,:,,:,,:,,:,,:,,:,,:,,:,,:,,:,,:,,:,,:,,:,,:,,:,,:,,:,,:,,:,,:,,:,,:,,:,,:,,:,,:,,:,,:,,:,,338,,330,,265,,197,,201,,162,,267,,197,,183,,214,,263,,311,,306,,278,,278,,172,,187,,142,,284,,203,,239,,318,,313,,441,,419,,252,,255,,288,,240,,349,,359,,258,,346,,348,,415,,536,,619,,470,,342,,275,,327,,392,,399,,438,,383,,348,,457,,523,,455,,430,,364,,304,,327,,330,,387,,382,,435,,405,,453,,631,,684,,492,,310,,326,,372,,440,,443,,512,,373,,448,,426,,393,,605.744,,533.812,,401.885,,374.012,,383.11,,428.881,,582.391,,529.372,,431.596,,416.365,,489.219,,726.345,,898.804,,720.404,,877.904,,979.802,,983.227,,"1,126.44",,"1,398.28",,"1,350.74",,"1,115.69",,"1,289.96",,"1,231.79",,"1,364.37",,"1,283.36",,"1,167.19",,"1,444.69",,"1,130.53",,"1,272.86",,"1,343.01",,"1,470.34",,"1,331.62",,"1,277.31",,"1,287.79",,"1,367.57",,"1,568.94",,"1,262.84",,"1,247.10",,"1,339.31",,"1,302.87",,"1,193.80",,"1,234.51",,"1,448.06",,"1,313.38",,"1,267.25",,"1,478.24",,"1,203.78",,"1,355.69",,"1,463.01",,"1,444.10",,"1,433.15",,"1,145.15",,"1,387.65",,"1,355.61",,"1,512.97",,"1,150.85",,"1,304.72",,"1,478.36",,"1,584.56",,"1,640.61",,"1,493.69",,"1,394.36",,"1,479.27",
Spain,:,,:,,:,,:,,:,,:,,:,,:,,:,,:,,:,,:,,:,,:,,:,,:,,:,,:,,:,,:,,:,,:,,:,,:,,:,,:,,:,,:,,:,,:,,:,,:,,:,,:,,:,,:,,:,,:,,:,,:,,:,,:,,:,,:,,:,,:,,:,,:,,:,,:,,:,,:,,:,,:,,:,,:,,:,,:,,:,,:,,:,,:,,:,,:,,:,,:,,:,,:,,:,,:,,:,,:,,"3,497.00",,"3,153.00",,"3,231.00",,"3,111.00",,"2,727.00",,"2,625.00",,"2,928.00",,"2,711.00",,"3,111.00",,"3,430.00",,"3,101.00",,"2,758.00",,"2,856.00",,"2,432.00",,"2,322.00",,"2,675.00",,"2,704.00",,"2,407.00",,"2,829.00",,"2,755.00",,"2,712.00",,"2,655.00",,"3,072.00",,"2,972.00",,"3,141.00",,"2,204.00",,"2,654.00",,"2,573.00",,"2,482.00",,"2,714.00",,"2,607.00",,"2,341.00",,"2,560.00",,"2,600.00",,"2,969.00",,"3,560.00",,"3,188.00",,"3,524.00",,"2,486.00",,"2,299.00",,"2,614.00",,"2,611.00",,"2,637.00",,"2,808.00",,"2,401.00",,"3,362.00",,"3,380.00",,"3,312.00",,"3,366.00",,"2,809.00",,"2,865.00",,"2,896.00",,"2,675.00",,"2,841.00",,"2,596.00",,"2,682.00",,"2,616.00",,"3,064.00",,"2,926.00",,"3,481.00",,"3,254.00",,"2,604.00",,"2,650.00",,"2,648.00",,"3,067.00",,"2,852.00",,"3,543.00",,"3,381.00",,"3,596.00",,"3,338.00",,"3,048.00",,"3,209.00",,"2,878.00",,"2,610.00",,"2,793.00",,"2,069.00",,"2,435.00",,"2,428.00",,"3,037.00",,"3,031.00",,"2,890.00",,"2,556.00",,"2,764.00",,"2,998.00",,"3,088.84",,"2,702.15",,"2,891.48",,"3,061.95",,"2,911.81",,"3,032.46",,"2,568.43",,"3,276.47",,"3,130.06",,"3,594.20",,"3,280.53",,"3,430.81",,"3,364.32",,"3,368.37",,"3,342.77",,"3,625.39",,"3,259.51",,"3,191.68",,"3,255.96",,"3,384.87",,"3,126.57",,"3,276.28",,"3,088.89",,"3,390.43",,"2,959.31",,"2,830.66",,"3,369.52",,"3,416.46",,"3,084.95",,"2,545.78",,"2,819.78",,"3,005.89",,"2,738.11",,"3,006.75",,"3,064.72",,"2,420.81",,"2,871.07",,"2,733.57",,"2,586.29",,"2,379.88",,"2,602.37",,"2,520.42",,"2,466.44",,"2,381.74",,"2,300.07",,"2,302.05",,"2,649.09",,"2,376.66",,"3,156.34",,"2,332.09",,"3,179.91",e
France,:,,:,,:,,:,,:,,:,,:,,:,,:,,:,,:,,:,,:,,:,,:,,:,,:,,:,,:,,:,,:,,:,,:,,:,,:,,:,,:,,:,,:,,:,,:,,:,,:,,:,,:,,:,,:,,:,,:,,:,,:,,:,,:,,:,,:,,:,,:,,:,,:,,:,,:,,:,,:,,:,,:,,:,,:,,:,,:,,:,,:,,:,,:,,:,,:,,:,,:,,:,,:,,:,,:,,:,,"4,221.00",,"3,192.00",,"3,832.00",,"3,784.00",,"3,935.00",,"3,457.00",,"3,843.00",,"3,588.00",,"3,220.00",,"3,766.00",,"3,923.00",,"4,373.00",,"3,998.00",,"3,808.00",,"4,077.00",,"3,599.00",,"3,507.00",,"3,263.00",,"4,034.00",,"3,458.00",,"3,273.00",,"3,948.00",,"3,584.00",,"4,162.00",,"3,842.00",,"3,549.00",,"4,186.00",,"4,193.00",,"3,935.00",,"3,144.00",,"3,749.00",,"3,480.00",,"3,324.00",,"4,284.00",,"4,248.00",,"4,510.00",,"4,675.00",,"3,928.00",,"3,950.00",,"4,253.00",,"4,029.00",,"3,207.00",,"3,917.00",,"3,632.00",,"3,140.00",,"3,975.00",,"4,542.00",,"5,012.00",,"4,017.00",,"4,336.00",,"4,265.00",,"4,043.00",,"4,397.00",,"3,748.00",,"4,058.00",,"3,748.00",,"3,890.00",,"4,056.00",,"4,460.00",,"4,298.00",,"4,319.00",,"4,093.00",,"5,529.00",,"5,710.00",,"5,113.00",,"4,408.00",,"4,376.00",,"4,109.00",,"2,945.00",p,"4,199.00",p,"4,930.00",p,"4,939.00",,"3,399.95",,"3,713.47",,"4,339.66",,"5,353.82",,"5,215.94",,"3,728.76",,"3,313.42",,"3,430.12",,"2,836.72",,"3,700.85",,"3,545.02",,"3,561.82",,"3,745.62",,"3,040.85",,"4,667.65",,"4,446.35",,"4,494.02",,"3,196.38",,"3,721.55",,"3,574.94",,"3,073.20",,"3,625.15",,"3,499.30",,"4,324.74",,"4,628.06",,"4,087.52",,"5,142.40",,"5,263.68",,"5,340.76",,"3,455.46",,"4,642.51",,"4,558.36",,"4,039.00",,"4,364.60",,"4,834.89",,"4,944.89",,"4,145.08",,"3,376.78",,"3,076.98",,"4,648.34",,"4,524.28",,"3,417.22",,"4,133.41",,"3,510.92",,"2,523.99",,"3,730.56",,"4,754.96",,"4,273.12",,"3,789.41",,"3,321.58",,"3,803.95",,"4,166.57",,"3,576.66",,"3,246.40",,"3,168.90",,"3,531.32",,"3,020.53",,"3,521.23",,"2,966.34",,"3,393.37",,"3,384.53",,"3,716.74",,"4,904.07",
Croatia,:,,:,,:,,:,,:,,:,,:,,:,,:,,:,,:,,:,,:,,:,,:,,:,,:,,:,,:,,:,,:,,:,,:,,:,,:,,:,,:,,:,,:,,:,,:,,:,,:,,:,,:,,:,,:,,:,,:,,:,,:,,:,,:,,:,,:,,:,,:,,:,,:,,:,,:,,:,,:,,:,,:,,:,,:,,:,,:,,:,,:,,:,,:,,:,,:,,:,,:,,:,,:,,:,,:,,:,,87,,88,,66,,75,,71,,83,,90,,93,,100,,113,,109,,117,,99,,94,,83,,83,,73,,72,,76,,51,,64,,108,,113,,156,,134,,114,,123,,101,,80,,90,,47,,88,,106,,144,,140,,157,,219,,175,,132,,109,,113,,131,,151,,162,,125,,185,,173,,176,,160,,156,,132,,86,,95,,110,,106,,131,,132,,170,,164,,159,,171,,145,,158,,182,,162,,153,,142,,157,,160,,189,,191,,198,,184.4,,159.8,,172.6,,149.8,,152.5,,184.4,,185,,204.3,,172.8,,196.7,,179.5,,205.2,,180.3,,164.2,,256.8,,232.9,,125.8,,185.9,,204.8,,195.8,,108.9,,201.7,,193,,188.4,,207.4,,195.3,,211.3,,226.4,,237.9,,200.6,,254.1,,386.8,,171.4,,311.5,,267.6,,270.9,,176.2,,255.7,,204.9,,282.2,,184.1,,281.9,,204.4,,279.4,,258.3,,188.4,,197.1,,217.4,,224.6,,175.9,,267.8,,185.9,,171.4,,176.2,,255.3,,176.7,,217.8,,230.15,,178.5,,181,,266.9,,175.2,,190.3,p
Italy,:,,:,,:,,:,,:,,:,,:,,:,,:,,:,,:,,:,,:,,:,,:,,:,,:,,:,,:,,:,,:,,:,,:,,:,,:,,:,,:,,:,,:,,:,,:,,:,,:,,:,,:,,:,,:,,:,,:,,:,,:,,:,,:,,:,,:,,:,,:,,:,,:,,:,,:,,:,,:,,:,,:,,:,,:,,:,,:,,:,,:,,:,,:,,:,,:,,:,,:,,:,,:,,:,,:,,:,,"5,544.00",,"4,640.00",,"4,535.00",,"4,685.00",,"5,221.00",,"4,909.00",,"4,892.00",,"3,550.00",,"4,252.00",,"4,261.00",,"4,273.00",,"4,996.00",,"4,959.00",,"4,746.00",,"4,834.00",,"5,086.00",,"5,253.00",,"4,822.00",,"5,782.00",,"4,835.00",,"4,929.00",,"4,775.00",,"5,100.00",,"6,079.00",,"5,261.00",,"4,782.00",,"4,978.00",,"5,097.00",,"5,847.00",,"5,526.00",,"5,758.00",,"4,869.00",,"5,341.00",,"5,795.00",,"5,747.00",,"6,284.00",,"6,997.00",,"5,178.00",,"5,364.00",,"5,790.00",,"6,260.00",,"5,993.00",,"5,967.00",,"5,262.00",,"4,910.00",,"5,418.00",,"5,771.00",,"6,712.00",,"5,347.00",,"5,719.00",,"6,399.00",,"5,901.00",,"6,240.00",,"5,744.00",,"5,932.00",,"5,238.00",,"5,379.00",,"4,929.00",,"5,140.00",,"5,909.00",,"6,546.00",,"5,116.00",,"6,047.00",,"6,713.00",,"6,695.00",,"6,377.00",,"6,554.00",,"5,476.00",,"5,489.00",,"5,203.00",,"5,333.00",,"5,363.00",,"5,651.00",,"4,829.00",,"5,654.00",,"6,164.00",,"5,760.00",,"5,831.00",,"5,866.00",,"5,184.00",,"5,348.00",,"5,232.00",,"4,816.00",,"5,892.00",,"6,235.00",,"4,939.00",,"6,155.00",,"7,092.00",,"6,698.00",,"5,815.00",,"5,990.00",,"5,475.00",,"5,259.00",,"6,017.00",,"5,927.00",,"7,126.00",,"6,469.00",,"5,548.00",,"6,682.00",,"6,435.00",,"6,639.00",,"5,925.00",,"6,945.00",,"5,567.00",,"5,610.00",,"5,436.00",,"5,190.00",,"5,957.00",,"5,491.00",,"4,955.00",,"5,619.00",,"5,876.00",,"5,518.00",,"4,967.00",,"5,273.00",,"4,702.00",,"4,687.00",,"4,865.00",,"4,814.00",,"4,836.00",,"4,583.00",,"4,701.64",,"5,667.13",,"5,397.66",,"5,162.17",,"4,642.40",,"5,080.00",,"4,626.89",,"4,478.15",,"4,629.70",,"4,776.20",,"5,420.87",,"4,929.69",,"4,535.28",,"4,808.58",p
Cyprus,:,,:,,:,,:,,:,,:,,:,,:,,:,,:,,:,,:,,:,,:,,:,,:,,:,,:,,:,,:,,:,,:,,:,,:,,:,,:,,:,,:,,:,,:,,:,,:,,:,,:,,:,,:,,:,,:,,:,,:,,:,,:,,:,,:,,:,,:,,:,,:,,:,,:,,:,,:,,:,,:,,:,,:,,:,,:,,:,,:,,:,,:,,:,,:,,:,,:,,:,,:,,:,,:,,:,,:,,0,,0,,0,,0,,0,,0,,0,,0,,0,,0,,0,,0,,0,,0,,0,,0,,0,,0,,0,,0,,0,,0,,0,,0,,0,,0,,0,,0,,0,,0,,0,,0,,0,,0,,0,,0,,0,,0,,0,,0,,0,,0,,0,,0,,0,,0,,0,,0,,0,,0,,0,,0,,0,,0,,0,,0,,0,,0,,0,,0,,0,,0,,0,,0,,0,,0,,0,,0,,0,,0,,0,,0,,0,,0,,0,,0,,0,,0,,0,,0,,0,,0,,0,,0,,0,,0,,0,,0,,0,,0,,0,,0,,0,,0,,0,,0,,0,,0,,0,,0,,0,,0,,0,,0,,0,,0,,0,,0,,0,,0,,0,,0,,0,,0,,0,,0,,0,,0,,0,,0,,0,,0,,0,,0,,0,,0,,0,,0,,0,,0,,0,,0,,0,,0,,0,
Latvia,:,,:,,:,,:,,:,,:,,:,,:,,:,,:,,:,,:,,:,,:,,:,,:,,:,,:,,:,,:,,:,,:,,:,,:,,:,,:,,:,,:,,:,,:,,:,,:,,:,,:,,:,,:,,:,,:,,:,,:,,:,,:,,:,,:,,:,,:,,:,,:,,:,,:,,:,,:,,:,,:,,:,,:,,:,,:,,:,,:,,:,,:,,:,,:,,:,,:,,:,,:,,:,,:,,:,,:,,0,,0,,0,,0,,91,,475,,235,,520,,503,,358,,0,,0,,6,,11,,10,,11,,49,,458,,529,,524,,347,,81,,10,,16,,5,,5,,0,,5,,2,,212,,381,,436,,429,,48,,3,,4,,0,,0,,0,,0,,70,,67,,169,,310,,490,,391,,26,,11,,20,,1,,8,,10,,34,,63,,309,,411,,494,,193,,57,,41,,23,,49,,0,,5,,265,,355,,424,,402,,382,,195,,65,,25,,2.843,,0.1,,109.284,,163.023,,277.303,,358.721,,412.767,,343.571,,383.915,,171.618,,79.296,,99.351,,17.594,,5.32,,33.919,,136.711,,393.821,,357.396,,375.904,,315.25,,160.049,,117.778,,18.189,,81.152,,21.82,,59.349,,303.282,,123.377,,193.396,,196.443,,263.886,,147.629,,172.63,,196.27,,190.685,,47.163,,171.505,,89.769,,141.474,,129.821,,229.294,,273.513,,212.337,,277.425,,259.269,,170.526,,33.164,,0,,0,,15.627,,30.608,,82.444,,155.688,,237.2,,212.181,,156.257,,203.404,,146.854,,53.381,,0.407,,59.75,,0.622,,84.492,
Lithuania,:,,:,,:,,:,,:,,:,,:,,:,,:,,:,,:,,:,,:,,:,,:,,:,,:,,:,,:,,:,,:,,:,,:,,:,,:,,:,,:,,:,,:,,:,,:,,:,,:,,:,,:,,:,,:,,:,,:,,:,,:,,:,,:,,:,,:,,:,,:,,:,,:,,:,,:,,:,,:,,:,,:,,:,,:,,:,,:,,:,,:,,:,,:,,:,,:,,:,,:,,:,,:,,:,,:,,:,,561,,501,,460,,334,,294,,277,,249,,251,,262,,435,,456,,594,,486,,450,,492,,344,,330,,255,,296,,212,,395,,372,,424,,569,,535,,431,,393,,350,,234,,283,,233,,209,,321,,352,,579,,512,,473,,495,,454,,342,,372,,217,,352,,342,,447,,444,,414,,590,,515,,488,,573,,342,,407,,312,,256,,255,,597,,356,,468,,532,,487,,450,,554,,315,,371,,345,,415,,332,,425,,444,,530,,494,,457,,469.2,,463.9,,336.1,,459.3,,426.2,,485.6,,467,,369,,442.6,,438.6,,558.4,,586.2,,486.4,,529.8,,399.2,,428.4,,342.3,,261.8,,252.4,,363.2,,404.7,,390.3,,557.4,,445.5,,466.1,,741.7,,438.2,,404.5,,554.4,,314.1,,592.5,,328,,399.5,,484.9,,592,,610,,369,,597,,416.4,,355.9,,355.9,,452,,471.5,,407.3,,531.9,,597.3,,363.4,,587.5,,460.9,,441.1,,383.7,,250.1,,305.2,,451.2,,286.4,,524.1,,415.5,,641.9,,407.4,,656.3,,262.7,,623.6,
Luxembourg,:,,:,,:,,:,,:,,:,,:,,:,,:,,:,,:,,:,,:,,:,,:,,:,,:,,:,,:,,:,,:,,:,,:,,:,,:,,:,,:,,:,,:,,:,,:,,:,,:,,:,,:,,:,,:,,:,,:,,:,,:,,:,,:,,:,,:,,:,,:,,:,,:,,:,,:,,:,,:,,:,,:,,:,,:,,:,,:,,:,,:,,:,,:,,:,,:,,:,,:,,:,,:,,:,,:,,:,,111,,98,,107,,89,,56,,42,,43,,39,,62,,91,,111,,124,,135,,126,,113,,65,,55,,41,,37,,35,,54,,67,,74,,75,,98,,89,,90,,70,,52,,44,,39,,35,,41,,66,,84,,95,,115,,84,,76,,63,,48,,40,,40,,35,,49,,59,,82,,93,,93,,101,,95,,57,,47,,40,,38,,34,,44,,61,,82,,89,,107,,85,,82,,63,,56,,41,,39,,34,,44,,61,,83,,84,,94.522,,82.373,,74.672,,47.31,,44.469,,36.328,,34.217,,29.431,,39.069,,62.317,,75.317,,83.008,,100.971,,82.78,,81.412,,67.964,,57.152,,35.672,,35.956,,32.69,,38.979,,60.521,,80.391,,82.262,,94.193,,75.151,,69.03,,54.387,,33.724,,26.458,,24.262,,20.543,,30.989,,38.365,,52.53,,69.304,,71.647,,65.148,,63.454,,49.774,,33.153,,23.757,,24.664,,21.776,,25.762,,40.301,,63.022,,68.991,,83.438,,62.631,,57.718,,50.173,,36.67,,31.366,,27.623,,19.231,,31.701,,44.244,,64.159,,73.912,,82.74,,72.203,,59.406,
Hungary,:,,:,,:,,:,,:,,:,,:,,:,,:,,:,,:,,:,,:,,:,,:,,:,,:,,:,,:,,:,,:,,:,,:,,:,,:,,:,,:,,:,,:,,:,,:,,:,,:,,:,,:,,:,,:,,:,,:,,:,,:,,:,,:,,:,,:,,:,,:,,:,,:,,:,,:,,:,,:,,:,,:,,:,,:,,:,,:,,:,,:,,:,,:,,:,,:,,:,,:,,:,,:,,:,,:,,:,,856,,644,,637,,853,,951,,861,,952,,937,,920,,"1,162.00",,960,,770,,618,,504,,612,,579,,476,,599,,658,,735,,964,,"1,037.00",p,873,,982,,809,,747,,751,,713,,849,,794,,944,,"1,030.00",,"1,038.00",,839,,961,,"1,073.00",,"1,357.00",,"1,236.00",,"1,037.00",,"1,033.00",,"1,052.00",,"1,124.00",,"1,388.00",,"1,810.00",,"1,751.00",,"1,387.00",,"1,327.00",,"1,124.00",,"1,006.00",,825,,"1,014.00",,"1,132.00",,"1,220.00",,"1,732.00",,"1,476.00",,"1,460.00",,"1,506.00",,"1,203.00",,"1,194.00",,"1,149.00",,"1,197.00",,"1,207.00",,"1,300.00",,"1,922.00",,"2,128.00",,"2,147.00",,"2,137.00",,"1,986.00",,"1,894.00",,"1,477.00",,"1,457.00",,"1,809.00",,"1,038.00",,"1,283.00",,"1,386.00",,"1,494.00",,945,,939,,"1,158.00",,"1,077.00",,984,,"1,108.00",,"1,173.00",,"1,133.00",,528,,784,,947,,982,,970,,900,,698,,658,,576.6,,486.6,,435.4,,482.3,,765.7,,753.9,,"1,002.30",,894.2,,"1,029.60",,900.5,,994.3,,"1,055.90",,"1,005.80",,"1,201.40",,687.6,,600.9,,456.1,,506.3,,796.3,,798.2,,905.8,,934.3,,"1,297.00",,"1,241.40",,"1,024.60",,917.8,,772.4,,671.9,,645.6,,657.3,,776.6,,824,,906.76,,769,,968.26,,965.9,,958.2,,926.5,,848.23,,800.2,,742.7,,753.9,,939.4,
Malta,:,,:,,:,,:,,:,,:,,:,,:,,:,,:,,:,,:,,:,,:,,:,,:,,:,,:,,:,,:,,:,,:,,:,,:,,:,,:,,:,,:,,:,,:,,:,,:,,:,,:,,:,,:,,:,,:,,:,,:,,:,,:,,:,,:,,:,,:,,:,,:,,:,,:,,:,,:,,:,,:,,:,,:,,:,,:,,:,,:,,:,,:,,:,,:,,:,,:,,:,,:,,:,,:,,:,,:,,0,,0,,0,,0,,0,,0,,0,,0,,0,,0,,0,,0,,0,,0,,0,,0,,0,,0,,0,,0,,0,,0,,0,,0,,0,,0,,0,,0,,0,,0,,0,,0,,0,,0,,0,,0,,8,,24,,63,,0,,9,,0,,57,,60,,0,,80,,0,,0,,62,,0,,61,,0,,0,,58,,6,,61,,19,,54,,0,,59,,0,,60.661,,0,,60.655,,9.041,,62.238,,8.707,,62.164,,0,,60.658,,0,,55.298,,0,,67.707,,0,,56.583,,0,,62.124,,55.751,,0,,56.208,,0,,31.503,,34.306,,0,,65.844,,0,,65.637,,0,,65.853,,0,,65.847,,0,,65.409,,0,,63.681,,0,,61.969,,0,,0,,66.004,,0,,65.663,,65.792,,0,,63.219,,0,,61.795,,0,,62.375,,0,,63.03,,0,,53.669,,65.531,,0,,66.172,,0,,66.022,,0,,64.433,,0,,0,,65.142,,0,,62.874,,0,,61.576,,64.581,,0,,0,,61.984,,0,,57.331,,0,
Netherlands,:,,:,,:,,:,,:,,:,,:,,:,,:,,:,,:,,:,,:,,:,,:,,:,,:,,:,,:,,:,,:,,:,,:,,:,,:,,:,,:,,:,,:,,:,,:,,:,,:,,:,,:,,:,,:,,:,,:,,:,,:,,:,,:,,:,,:,,:,,:,,:,,:,,:,,:,,:,,:,,:,,:,,:,,:,,:,,:,,:,,:,,:,,:,,:,,:,,:,,:,,:,,:,,:,,:,,:,,"2,485.00",,"2,008.00",,"2,277.00",,"2,296.00",,"2,339.00",,"2,604.00",,"2,737.00",,"2,525.00",,"2,834.00",,"2,356.00",,"2,305.00",,"2,310.00",,"1,968.00",,"2,263.00",,"2,980.00",,"3,503.00",,"3,447.00",,"3,065.00",,"3,529.00",,"3,458.00",,"3,845.00",,"3,935.00",,"2,756.00",,"2,977.00",,"2,858.00",,"2,975.00",,"3,110.00",,"3,722.00",,"3,809.00",,"3,953.00",,"4,408.00",,"2,947.00",,"2,760.00",,"4,050.00",,"3,580.00",,"3,229.00",,"5,005.00",p,"3,659.00",p,"4,018.00",p,"4,732.00",p,"4,816.00",p,"4,217.00",p,"4,473.00",p,"4,207.00",p,"4,203.00",p,"4,102.00",p,"4,701.00",p,"5,661.00",p,"4,871.00",,"5,367.00",,"4,898.00",,"4,978.00",,"5,128.00",,"4,757.00",,"4,745.00",,"5,351.00",,"5,434.00",,"4,927.00",,"4,941.00",,"5,312.00",,"5,616.34",,"4,839.17",,"5,447.47",,"4,922.14",,"5,096.37",,"4,998.96",,"4,450.18",,"4,281.24",,"4,190.55",,"4,921.93",,"5,119.25",,"5,404.12",,"4,922.40",,"4,875.55",,"4,923.52",,"5,325.75",,"5,475.68",,"5,040.43",,"5,001.07",,"4,314.64",,"5,309.26",,"4,791.85",,"5,045.93",,"4,894.66",,"5,865.71",,"4,426.21",,"5,523.20",,"4,731.50",,"4,585.75",,"4,345.69",,"4,218.72",,"4,634.64",,"5,134.52",,"5,149.86",,"4,654.21",,"4,154.89",,"4,537.00",,"4,116.63",,"5,058.17",,"4,869.09",,"5,895.11",,"5,661.13",,"5,599.13",,"5,270.49",,"5,756.94",,"5,455.41",,"4,691.61",,"5,009.99",,"4,926.62",,"4,648.04",,"4,663.11",,"5,772.21",,"5,867.82",,"5,150.12",,"5,345.39",,"5,211.02",,"3,829.16",,"4,564.74",,"4,522.61",,"4,195.98",,"3,945.67",,"3,684.93",,"4,176.71",,"4,888.67",,"4,821.67",,"4,677.79",,"5,000.91",,"4,897.04",,"3,842.43",,"3,648.03",,"3,200.35",,"3,333.85",,"3,998.51",,"4,058.05",,"4,093.80",
Austria,:,,:,,:,,:,,:,,:,,:,,:,,:,,:,,:,,:,,:,,:,,:,,:,,:,,:,,:,,:,,:,,:,,:,,:,,:,,:,,:,,:,,:,,:,,:,,:,,:,,:,,:,,:,,:,,:,,:,,:,,:,,:,,:,,:,,:,,:,,:,,:,,:,,:,,:,,:,,:,,:,,:,,:,,:,,:,,:,,:,,:,,:,,:,,:,,:,,:,,:,,:,,:,,:,,:,,:,,"4,181.00",,"3,517.00",,"4,269.00",,"4,896.00",,"4,796.00",,"4,238.00",,"4,166.00",,"3,487.00",,"2,520.00",,"2,617.00",,"2,651.00",,"2,697.00",,"2,720.00",,"2,276.00",,"3,286.00",,"3,444.00",,"4,272.00",,"4,317.00",,"4,562.00",,"4,344.00",,"4,319.00",,"3,919.00",,"3,270.00",,"3,738.00",,"2,905.00",,"3,421.00",,"4,043.00",,"3,702.00",,"4,717.00",,"4,521.00",,"4,347.00",,"3,757.00",,"3,964.00",,"4,483.00",,"3,653.00",,"3,333.00",,"4,196.00",,"3,073.00",,"2,728.00",,"4,419.00",,"4,978.00",,"4,642.00",,"4,950.00",,"6,069.00",,"4,886.00",,"4,113.00",,"4,027.00",,"3,903.00",,"2,518.00",,"3,497.00",,"4,083.00",,"5,152.00",,"4,895.00",,"4,488.00",,"4,850.00",,"4,769.00",,"4,265.00",,"3,466.00",,"3,667.00",,"3,861.00",,"4,221.00",,"3,329.00",,"4,778.00",,"5,390.00",,"5,339.00",,"4,533.00",,"4,661.00",,"3,634.00",,"4,008.00",,"3,280.00",,"4,274.00",,"4,038.00",,"2,685.65",,"2,938.28",,"4,329.70",,"4,264.71",,"4,268.47",,"4,159.74",,"3,681.29",,"3,977.07",,"3,750.87",,"3,769.31",,"3,375.80",,"3,878.64",,"3,857.28",,"2,056.00",,"3,194.05",,"3,602.42",,"3,937.89",,"3,663.44",,"3,681.91",,"3,840.07",,"3,573.79",,"3,333.47",,"3,032.31",,"3,689.26",,"2,556.48",,"2,487.95",,"3,722.10",,"3,011.83",,"3,400.78",,"2,735.69",,"2,604.57",,"2,880.30",,"2,506.69",,"2,225.52",,"1,561.99",,"1,541.55",,"1,347.75",,"1,087.43",,"1,286.40",,"1,451.88",,"1,936.41",,"1,556.74",,"1,542.45",,"1,223.59",,767.145,,"1,116.37",,965.548,,"1,117.73",,930.173,,860.468,,"1,096.27",,"1,232.93",,"1,191.65",,"1,291.41",,"1,443.51",,"1,384.93",,"1,293.64",,"1,023.22",,925.204,,"1,143.84",,663.103,,652.618,,749.803,
Poland,:,,:,,:,,:,,:,,:,,:,,:,,:,,:,,:,,:,,:,,:,,:,,:,,:,,:,,:,,:,,:,,:,,:,,:,,:,,:,,:,,:,,:,,:,,:,,:,,:,,:,,:,,:,,:,,:,,:,,:,,:,,:,,:,,:,,:,,:,,:,,:,,:,,:,,:,,:,,:,,:,,:,,:,,:,,:,,:,,:,,:,,:,,:,,:,,:,,:,,:,,:,,:,,:,,:,,:,,"3,735.00",,"3,334.00",,"3,679.00",,"3,612.00",,"3,637.00",,"3,554.00",,"3,499.00",,"3,061.00",,"3,285.00",,"3,475.00",,"3,370.00",,"3,501.00",,"3,339.00",,"2,992.00",,"3,695.00",,"3,515.00",,"3,615.00",,"3,361.00",,"3,136.00",,"3,287.00",,"3,318.00",,"3,731.00",,"3,276.00",,"3,354.00",,"3,784.00",,"3,677.00",,"3,595.00",,"3,604.00",,"3,678.00",,"3,585.00",,"3,644.00",,"3,440.00",,"3,612.00",,"3,799.00",,"3,733.00",,"3,850.00",,"3,921.00",,"3,619.00",,"3,811.00",,"3,735.00",,"3,882.00",,"3,569.00",,"3,676.00",,"3,260.00",,"3,662.00",,"3,886.00",,"3,802.00",,"3,937.00",,"4,005.00",,"3,638.00",,"4,239.00",,"3,781.00",,"3,901.00",,"3,729.00",,"3,259.00",,"3,851.00",,"3,759.00",,"3,676.00",,"3,536.00",,"3,796.00",,"3,954.00",,"3,528.00",,"3,868.00",,"3,502.00",,"4,129.00",,"3,564.00",,"3,588.00",,"2,927.00",,"3,663.00",,"3,941.00",,"4,024.00",,"4,102.00",,"3,281.05",,"2,989.95",,"3,135.53",,"3,263.36",,"2,954.73",,"3,617.69",,"2,923.68",,"3,822.10",,"3,482.18",,"3,732.32",,"3,919.21",,"3,916.60",,"4,140.23",,"3,552.37",,"4,042.46",,"3,981.60",,"4,081.71",,"3,814.92",,"3,713.56",,"2,665.69",,"3,281.54",,"1,769.71",,"2,153.58",,"2,162.35",,"1,176.54",,"1,420.74",,"2,050.16",,"1,775.56",,"1,474.35",,939.194,,961.034,,856.563,,721.545,,"1,071.61",,"1,294.10",,"1,452.78",,"1,214.27",,"1,191.41",,"1,111.00",,"1,110.02",,"1,085.16",,"1,330.15",,"1,577.85",,"1,348.55",,"1,419.65",,"1,719.08",,"2,019.71",,"2,176.64",,"1,642.21",,"1,505.85",,"1,522.34",,"1,639.35",,"1,692.04",,"1,834.13",,"1,887.87",,"1,759.15",,"1,381.70",,"1,890.52",,"2,207.72",,"2,091.40",,"2,037.11",,"1,763.39",,"1,959.54",
Portugal,:,,:,,:,,:,,:,,:,,:,,:,,:,,:,,:,,:,,:,,:,,:,,:,,:,,:,,:,,:,,:,,:,,:,,:,,:,,:,,:,,:,,:,,:,,:,,:,,:,,:,,:,,:,,:,,:,,:,,:,,:,,:,,:,,:,,:,,:,,:,,:,,:,,:,,:,,:,,:,,:,,:,,:,,:,,:,,:,,:,,:,,:,,:,,:,,:,,:,,:,,:,,:,,:,,:,,:,,324,,356,,405,,355,,412,,334,,401,,365,,342,,401,,343,,415,,379,,310,,389,,428,,496,,431,,512,,514,,389,,395,,400,,484,,341,,325,,226,,419,,290,,444,,427,,575,,601,,490,,631,,600,,416,,638,,422,,471,,436,,630,,553,,696,,687,,437,,496,,523,,566,,352,,481,,325,,503,,534,,599,,446,,547,,568,,531,,456,,560,,445,,360,,472,,588,,465,,656,,630,,526,,512,,547,,443,,560.517,,617.669,,463.6,,461.317,,371.806,,379.26,,502.361,,588.78,,597.874,,594.574,,433.271,,489.901,,562.322,,361.639,,465.927,,473.588,,534.161,,544.325,,391.046,,528.875,,407.364,,671.88,,505.292,,428.427,,597.812,,514.942,,490.127,,466.38,,618.302,,551.903,,418.151,,598.536,,418.266,,521.105,,455.905,,528.069,,312.462,,466.325,,405.774,,456.619,,455.6,,463.526,,443.415,,613.74,,304.912,,535.978,,301.883,,430.308,,372.34,,448.327,,246.974,,438.777,,339.37,,411.904,,432.726,,490.594,,401.907,,383.66,,360.29,,414.498,,425.268,,412.365,,287.08,
Romania,:,,:,,:,,:,,:,,:,,:,,:,,:,,:,,:,,:,,:,,:,,:,,:,,:,,:,,:,,:,,:,,:,,:,,:,,:,,:,,:,,:,,:,,:,,:,,:,,:,,:,,:,,:,,:,,:,,:,,:,,:,,:,,:,,:,,:,,:,,:,,:,,:,,:,,:,,:,,:,,:,,:,,:,,:,,:,,:,,:,,:,,:,,:,,:,,:,,:,,:,,:,,:,,:,,:,,:,,176,,122,,55,,12,,10,,16,,20,,4,,6,,6,,29,,94,,46,,21,,16,,1,,1,,1,p,1,,1,,1,,10,,59,,51,,96,,46,,16,,38,,44,,37,,54,,64,,79,,298,,319,,387,,356,,250,,71,,6,,3,,4,,1,,1,,1,,84,,117,,299,,256,,219,,302,,3,,2,,1,,23,,58,,122,,71,,170,,290,,396,,275,,174,,123,,114,,141,,177,,199,,207,,276,,265,,325,,316,,271,,202,,154,,149,,191,,143,,137,,86,,81,,176,,232,,254,,285,,331,,207,,287,,259,,358,,405,,212,,285,,277,,400,,374,,252,,268,,111,,160,,170,,288,,263,,191,,202,,162,,376,,55,,163,,81,,244,,191,,128,,319,,380,,326,,331,,250,,151,,134,,124,,144,,211,,207,,213,,221,,214,,217,,232,,165,,173,,196,,377,,259,p
Slovenia,:,,:,,:,,:,,:,,:,,:,,:,,:,,:,,:,,:,,:,,:,,:,,:,,:,,:,,:,,:,,:,,:,,:,,:,,:,,:,,:,,:,,:,,:,,:,,:,,:,,:,,:,,:,,:,,:,,:,,:,,:,,:,,:,,:,,:,,:,,:,,:,,:,,:,,:,,:,,:,,:,,:,,:,,:,,:,,:,,:,,:,,:,,:,,:,,:,,:,,:,,:,,:,,:,,:,,:,,173,,148,,133,,127,,115,,121,,130,,129,,141,,169,,183,,207,,198,,185,,165,,123,,119,,113,,126,,93,,123,,169,,187,,237,,242,,202,,210,,162,,134,,137,,93,,134,,155,,203,,223,,248,,285,,223,,193,,164,,154,,158,,174,,183,,162,,126,,130,,169,,134,,152,,149,,86,,77,,72,,75,,74,,84,,94,,109,,134,,151,,128,,117,,120,,98,,80,,76,,134,,121,,144,,154,,164,,189.6,,158.3,,158.1,,106.6,,96.6,,100.1,,116.8,,203,,104.3,,95.5,,115.4,,120.8,,132.1,,109.6,,112.2,,103.6,,76.7,,62.8,,61.9,,65.6,,69.9,,85.8,,104.7,,131.8,,130.3,,103.6,,142.3,,115.6,,67.5,,64.2,,91.1,,137.6,,74.8,,104.1,,120.6,,95.9,,104,,98.4,,107.2,,93.1,,93.1,,66.2,,68.2,,52.3,,60,,61,,88.6,,98.6,,110.7,,84.9,,83.2,,74.3,,61.9,,53,,57.5,,53.2,,58.9,,59.7,,90.1,,104.5,,109.611,,97.987,,87.465,
Slovakia,:,,:,,:,,:,,:,,:,,:,,:,,:,,:,,:,,:,,:,,:,,:,,:,,:,,:,,:,,:,,:,,:,,:,,:,,:,,:,,:,,:,,:,,:,,:,,:,,:,,:,,:,,:,,:,,:,,:,,:,,:,,:,,:,,:,,:,,:,,:,,:,,:,,:,,:,,:,,:,,:,,:,,:,,:,,:,,:,,:,,:,,:,,:,,:,,:,,:,,:,,:,,:,,:,,:,,:,,"4,311.00",,"3,143.00",,"3,911.00",,"3,850.00",,"3,968.00",,"3,966.00",,"3,450.00",,"2,927.00",,"2,604.00",,"2,754.00",,"2,805.00",,"2,552.00",,"3,015.00",,"2,649.00",,"3,824.00",,"4,317.00",,"4,469.00",,"4,430.00",,"4,557.00",,"4,722.00",,"4,705.00",,"4,111.00",,"3,450.00",,"3,712.00",,"3,196.00",,"3,808.00",,"4,347.00",,"3,397.00",,"4,244.00",,"4,242.00",,"4,155.00",,"4,957.00",,"4,961.00",,"5,387.00",,"5,087.00",,"4,580.00",,"5,142.00",,"4,273.00",,"3,876.00",,"4,769.00",,"5,439.00",,"4,929.00",,"4,975.00",,"6,317.00",,"5,487.00",,"4,268.00",,"4,864.00",,"4,195.00",,"2,823.00",,"3,252.00",,"4,436.00",,"5,188.00",,"5,211.00",,"4,644.00",,"5,589.00",,"5,001.00",,"4,715.00",,"4,340.00",,"4,418.00",,"4,423.00",,"4,657.00",,"3,987.00",,"5,209.00",,"5,635.00",,"6,393.00",,"5,612.00",,"6,178.00",,"4,876.00",,"4,698.00",,"5,018.00",,"5,480.00",,"5,225.00",,"2,791.77",,"3,649.43",,"5,008.21",,"4,440.87",,"4,559.04",,"4,958.59",,"4,803.84",,"4,956.24",,"3,754.64",,"4,251.37",,"3,728.54",,"4,008.74",,"3,340.61",,"1,857.36",,"3,262.66",,"3,657.85",,"3,894.91",,"3,746.26",,"3,526.41",,"3,783.89",,"3,518.19",,"3,532.16",,"3,220.87",,"3,277.87",,"2,065.61",,"2,247.09",,"3,816.94",,"2,426.63",,"2,979.26",,"2,376.13",,"1,940.10",,"1,801.87",,"1,411.20",,"1,646.97",,"1,476.45",,"1,397.31",,"1,130.11",,"1,048.48",,"1,185.70",,"1,131.20",,"1,368.70",,"1,351.70",,"1,302.21",,"1,420.24",,"1,135.22",,"1,205.12",,"1,225.81",,"1,466.23",,"1,482.99",,"1,355.49",,"1,424.54",,"1,410.30",,"1,480.37",,"1,538.71",,"1,546.82",,"1,529.41",,"1,364.91",,"1,532.87",,"1,546.49",,"1,491.70",,275.112,,312.584,,297.154,
Finland,:,,:,,:,,:,,:,,:,,:,,:,,:,,:,,:,,:,,:,,:,,:,,:,,:,,:,,:,,:,,:,,:,,:,,:,,:,,:,,:,,:,,:,,:,,:,,:,,:,,:,,:,,:,,:,,:,,:,,:,,:,,:,,:,,:,,:,,:,,:,,:,,:,,:,,:,,:,,:,,:,,:,,:,,:,,:,,:,,:,,:,,:,,:,,:,,:,,:,,:,,:,,:,,:,,:,,:,,450,,298,,289,,239,,224,,174,,159,,165,,199,,251,,294,,315,,344,,289,,304,,225,,155,,165,,168,,158,,191,,244,,227,,239,,405,,273,,257,,179,,132,,133,,129,,138,,130,,160,,276,,278,,318,,281,,245,,186,,148,,129,,129,,143,,142,,166,,185,,248,,293,,339,,342,,168,,130,,134,,128,,171,,193,,189,,205,,286,,384,,280,,268,,213,,155,,149,,157,,148,,173,,211,,228,,243,,255,,235,,242,,192,,173,,170,,181,,184,,219,,242,,238,,296,,373,,372,,296,,219,,117,,154,,158,,175,,172,,166,,146,,282,,203,,168,,197.44,,93,,131,,97,,79,,104,,82,,66,,77,,121.5,,123.36,p,142.36,p,112,p,225.16,p,196,p,203.16,p,170,p,130.52,p,234.16,p,213.44,p,158,p,212,p,222,,224,,120,,210.16,,270.03,,315,,125.1,,280,,115,,204,,197,,175,,113,,183.14,,93,
Sweden,:,,:,,:,,:,,:,,:,,:,,:,,:,,:,,:,,:,,:,,:,,:,,:,,:,,:,,:,,:,,:,,:,,:,,:,,:,,:,,:,,:,,:,,:,,:,,:,,:,,:,,:,,:,,:,,:,,:,,:,,:,,:,,:,,:,,:,,:,,:,,:,,:,,:,,:,,:,,:,,:,,:,,:,,:,,:,,:,,:,,:,,:,,:,,:,,:,,:,,:,,:,,:,,:,,:,,:,,148,,111,,74,,62,,49,,48,,46,,47,,48,,69,,80,,109,,124,,116,,78,,53,,49,,41,,33,,37,,38,,59,,81,,100,,157,,118,,95,,54,,44,,38,,36,,43,,52,,64,,106,,111,,92,,83,,410,,52,,48,,41,,36,,46,,48,,63,,80,,89,,105,,141,,117,,89,,74,,41,,59,,77,,60,,84,,118,,123,,130,,104,,126,,101,,124,,62,,90,,77,,69,,72,,101,,119,,119,,119,,107,,77.03,,79,,84.97,,57.2,,88,,83,,166,,149,,182,,187,,161,,123,,105,,69.6,,109,,70,,86.655,,80.536,,101.894,,107.272,,144.778,,103.383,,78.382,,57.967,,57.668,,51.693,,47.418,,52.892,,53.119,,44.952,,52.828,,49.407,,74.684,,88.309,,67.516,,83.435,,56.845,,51.962,,56.09,,48.678,,59.185,,68.163,,72.208,,90.888,,106.465,,128.065,,94.616,,76.19,,77.727,,67.809,,47.076,,58.477,,65.107,,56.766,,60.437,,87.791,,62.692,,84.781,,74.303,,62.532,
Iceland,:,,:,,:,,:,,:,,:,,:,,:,,:,,:,,:,,:,,:,,:,,:,,:,,:,,:,,:,,:,,:,,:,,:,,:,,:,,:,,:,,:,,:,,:,,:,,:,,:,,:,,:,,:,,:,,:,,:,,:,,:,,:,,:,,:,,:,,:,,:,,:,,:,,:,,:,,:,,:,,:,,:,,:,,:,,:,,:,,:,,:,,:,,:,,:,,:,,:,,:,,:,,:,,:,,:,,:,,:,,:,,:,,:,,:,,:,,:,,:,,:,,:,,:,,:,,:,,:,,:,,:,,:,,:,,:,,:,,:,,:,,:,,:,,:,,:,,:,,:,,:,,:,,:,,:,,:,,:,,:,,:,,:,,:,,:,,:,,:,,:,,:,,:,,:,,:,,:,,:,,:,,:,,:,,:,,:,,:,,:,,:,,:,,:,,:,,:,,:,,:,,:,,:,,:,,:,,:,,:,,:,,:,,:,,:,,:,,:,,:,,:,,:,,:,,:,,:,,:,,:,,:,,:,,:,,:,,:,,:,,:,,:,,:,,:,,:,,:,,:,,:,,:,,:,,:,,:,,:,,:,,:,,:,,:,,:,,:,,:,,:,,:,,:,,:,,:,,:,,:,,:,,:,,:,,:,,:,,:,,:,,:,,:,,:,,:,,:,,:,,:,,:,,:,,:,,:,,:,,:,
Norway,:,,:,,:,,:,,:,,:,,:,,:,,:,,:,,:,,:,,:,,:,,:,,:,,:,,:,,:,,:,,:,,:,,:,,:,,:,,:,,:,,:,,:,,:,,:,,:,,:,,:,,:,,:,,:,,:,,:,,:,,:,,:,,:,,:,,:,,:,,:,,:,,:,,:,,:,,:,,:,,:,,:,,:,,:,,:,,:,,:,,:,,:,,:,,:,,:,,:,,:,,:,,:,,:,,:,,:,,0,,0,,0,,0,,0,,0,,0,,0,,0,,0,,0,,0,,0,,0,,0,,0,,0,,0,,9,,5,,0,,0,,0,,0,,0,,0,,0,,0,,0,,0,,0,,0,,0,,0,,0,,0,,0,,0,,0,,0,,0,,0,,0,,0,,0,,0,,6,,0,,0,,0,,0,,0,,0,,0,,0,,0,,0,,0,,0,,0,,0,,0,,0,,0,,0,,0,,0,,0,,0,,0,,0,,0,,:,,:,,:,,:,,:,,:,,:,,:,,:,,:,,:,,:,,0,,0,,0,,0,,0,,8.617,,2.667,,8.851,,3.065,,5.454,,4.827,,3.567,,1.978,,5.924,,5.062,,10.907,,9.93,,2.036,,7.363,,3.152,,0.697,,0.931,,13.177,,6.647,,0.278,,16.9,,12.806,,9.976,,3.11,,6.716,,7.128,,9.147,,4.425,,6.923,,12.408,,12.773,,10.195,,4.405,,8.739,,11.288,,6.829,,6.707,,3.018,,4.292,,4.107,,4.109,,3.81,,8.3,,10.459,,1.255,,:,
United Kingdom,:,,:,,:,,:,,:,,:,,:,,:,,:,,:,,:,,:,,:,,:,,:,,:,,:,,:,,:,,:,,:,,:,,:,,:,,:,,:,,:,,:,,:,,:,,:,,:,,:,,:,,:,,:,,:,,:,,:,,:,,:,,:,,:,,:,,:,,:,,:,,:,,:,,:,,:,,:,,:,,:,,:,,:,,:,,:,,:,,:,,:,,:,,:,,:,,:,,:,,:,,:,,:,,:,,:,,:,,"4,795.00",,"4,156.00",,"4,026.00",,"3,307.00",,"3,225.00",,"3,180.00",,"2,902.00",,"2,542.00",,"2,634.00",,"3,349.00",,"4,142.00",,"5,147.00",,"4,995.00",,"4,722.00",,"4,510.00",,"3,040.00",,"3,017.00",,"2,540.00",,"2,793.00",,"3,372.00",,"3,149.00",,"4,015.00",,"4,492.00",,"4,188.00",,"4,653.00",,"4,775.00",,"5,344.00",,"4,359.00",,"3,449.00",,"2,539.00",,"2,728.00",,"2,364.00",,"3,107.00",,"3,974.00",,"5,613.00",,"5,552.00",,"5,918.00",,"4,948.00",,"4,487.00",,"3,735.00",,"2,875.00",,"2,061.00",,"3,096.00",,"3,231.00",,"2,708.00",,"3,317.00",,"4,764.00",,"6,483.00",,"6,590.00",,"5,872.00",,"5,564.00",,"3,655.00",,"2,368.00",,"1,978.00",,"2,902.00",,"2,592.00",,"2,037.00",,"3,853.00",,"4,992.00",,"5,774.00",,"6,678.00",,"4,584.00",,"4,359.00",,"4,237.00",,"3,727.00",,"3,119.00",,"2,398.00",,"1,531.00",,"2,061.00",,"3,795.00",,"5,209.00",,"5,850.24",,"4,003.49",,"4,252.33",,"5,267.00",,"3,530.66",,"2,971.19",,"2,301.05",,"2,443.58",,"2,062.80",,"2,138.52",,"4,076.29",,:,,:,,:,,:,,:,,:,,:,,:,,:,,:,,:,,:,,:,,:,,:,,:,,:,,:,,:,,:,,:,,:,,:,,:,,:,,:,,:,,:,,:,,:,,:,,:,,:,,:,,:,,:,,:,,:,,:,,:,,:,,:,,:,,:,,:,,:,,:,,:,,:,,:,,:,,:,,:,
Montenegro,:,,:,,:,,:,,:,,:,,:,,:,,:,,:,,:,,:,,:,,:,,:,,:,,:,,:,,:,,:,,:,,:,,:,,:,,:,,:,,:,,:,,:,,:,,:,,:,,:,,:,,:,,:,,:,,:,,:,,:,,:,,:,,:,,:,,:,,:,,:,,:,,:,,:,,:,,:,,:,,:,,:,,:,,:,,:,,:,,:,,:,,:,,:,,:,,:,,:,,:,,:,,:,,:,,:,,:,,:,,:,,:,,:,,:,,:,,:,,:,,:,,:,,:,,:,,:,,:,,:,,:,,:,,:,,:,,:,,:,,:,,:,,:,,:,,:,,:,,:,,:,,:,,:,,:,,:,,:,,:,,:,,:,,:,,:,,:,,:,,:,,:,,:,,:,,:,,:,,:,,:,,:,,:,,:,,:,,:,,:,,:,,:,,:,,:,,:,,:,,:,,:,,:,,:,,:,,:,,:,,:,,:,,:,,:,,:,,:,,:,,:,,:,,:,,:,,:,,:,,:,,:,,:,,:,,:,,:,,:,,:,,:,,:,,:,,:,,:,,:,,:,,0,,0,,0,,0,,0,,0,,0,,0,,0,,0,,0,,0,,0,,0,,0,,0,,0,,0,,0,,0,,0,,0,,0,,0,,0,,0,,0,,0,,0,,0,,0,,0,,0,,0,,0,,0,,0,,0,,0,
Moldova,:,,:,,:,,:,,:,,:,,:,,:,,:,,:,,:,,:,,:,,:,,:,,:,,:,,:,,:,,:,,:,,:,,:,,:,,:,,:,,:,,:,,:,,:,,:,,:,,:,,:,,:,,:,,:,,:,,:,,:,,:,,:,,:,,:,,:,,:,,:,,:,,:,,:,,:,,:,,:,,:,,:,,:,,:,,:,,:,,:,,:,,:,,:,,:,,:,,:,,:,,:,,:,,:,,:,,:,,:,,:,,:,,:,,:,,:,,:,,:,,:,,:,,:,,:,,:,,:,,:,,:,,:,,:,,:,,:,,:,,:,,:,,:,,:,,:,,:,,:,,:,,:,,:,,:,,:,,:,,:,,:,,:,,:,,:,,:,,:,,:,,:,,:,,:,,:,,:,,:,,:,,:,,:,,:,,:,,:,,:,,:,,:,,:,,:,,:,,:,,:,,:,,:,,:,,:,,:,,:,,:,,:,,:,,:,,175.8,,145,,110.3,,63.3,,43.5,,38.7,,28,,29,,33.8,,58.6,,147.5,,184.4,,192,,187.4,,165.1,,93.2,,44.5,,32.2,,29.7,,31.6,,37.2,,66.8,,151.3,,185.8,,188,,149.8,,161.3,,41.2,,27.9,,26.1,,27.3,,28.1,,47.2,,38.4,,101.3,,105.3,,55.4,,84.2,,40.8,,50.9,,28.1,,19.6,,23.9,,24.5,,24.5,,43,,89.8,,143.7,,162.002,,115.172,,111.614,,45.484,,25.211,,24.919,,22.485,,18.889,,28.466,,57.646,,131.313,,149.505,,149.988,,187.007,,:,
North Macedonia,:,,:,,:,,:,,:,,:,,:,,:,,:,,:,,:,,:,,:,,:,,:,,:,,:,,:,,:,,:,,:,,:,,:,,:,,:,,:,,:,,:,,:,,:,,:,,:,,:,,:,,:,,:,,:,,:,,:,,:,,:,,:,,:,,:,,:,,:,,:,,:,,:,,:,,:,,:,,:,,:,,:,,:,,:,,:,,:,,:,,:,,:,,:,,:,,:,,:,,:,,:,,:,,:,,:,,:,,29,p,15,,12,,7,,3,,3,,3,,3,,3,,7,,23,,25,,30,,20,,14,,8,,3,,3,,2,,2,,2,,10,,15,,28,,34,,13,,12,,5,,3,,4,,12,,8,,18,,25,,33,,47,,54,,38,,14,,8,,4,,4,,20,,22,,13,,24,,37,,38,,39,,42,,26,,6,,4,,4,,4,,4,,22,,25,,30,,34,,43,,27,,12,,8,,4,,27,,37,,31,,35,,20,,21,,:,,40.521,,25.854,,15.617,,12.51,,3.758,,18.139,,35.687,,36.643,,36.912,,22.496,,45.116,,46.209,,47.562,,42.199,,45.745,,11.926,,10.075,,17.478,,34.79,,36.889,,37.126,,45.849,,47.983,,50.627,,37.537,,39.593,,44.675,,7.339,,3.802,,3.145,,12.671,,23.104,,31.864,,5.519,,34.299,,32.679,,33.27,,37.712,,34.531,,35.979,,4.391,,23.527,,28.788,,30.419,,27.769,,31.932,,31.791,,29.323,,44.715,,37.909,,22.938,,12.534,,4.629,,19.208,,30.272,,33.722,,31.449,,18.388,,41.467,,38.736,,43.694,,:,,:,
Georgia,:,,:,,:,,:,,:,,:,,:,,:,,:,,:,,:,,:,,:,,:,,:,,:,,:,,:,,:,,:,,:,,:,,:,,:,,:,,:,,:,,:,,:,,:,,:,,:,,:,,:,,:,,:,,:,,:,,:,,:,,:,,:,,:,,:,,:,,:,,:,,:,,:,,:,,:,,:,,:,,:,,:,,:,,:,,:,,:,,:,,:,,:,,:,,:,,:,,:,,:,,:,,:,,:,,:,,:,,:,,:,,:,,:,,:,,:,,:,,:,,:,,:,,:,,:,,:,,:,,:,,:,,:,,:,,:,,:,,:,,:,,:,,:,,:,,:,,:,,:,,:,,:,,:,,:,,:,,:,,:,,:,,:,,:,,:,,:,,:,,:,,:,,:,,:,,:,,:,,:,,322,,288,,237,,138,,118,,92,,71,,117,,121,,152,,270,,312,,357,,325,,328,,193,,98,,88,,91,,106,,137,,147,,298,,367,,419.27,,350.05,,224.06,,186.9,,104.44,,85,,93.68,,92.62,,133.85,,177.71,,267.49,,386.88,,350.24,,312.61,,298.03,,162.61,,97.49,,91.13,,91.39,,97.13,,116.87,,202.9,,313.35,,401.79,,436.68,,358.42,,424.1,,169.92,,133.07,,103.15,,100,,126.51,,0,,169.56,,342.37,,502.17,,530.16,,484.07,,272.45,,197.38,,133.06,,99.74,,124.33,,123.37,,0,,368.67,,488.04,,684.64,,449.41,,382.8,,377.19,,157,,131.15,,99.04,,98.99,,144.15,,152.48,,213.21,,359.65,,480.8,,447.38,,460.35,,:,
Albania,:,,:,,:,,:,,:,,:,,:,,:,,:,,:,,:,,:,,:,,:,,:,,:,,:,,:,,:,,:,,:,,:,,:,,:,,:,,:,,:,,:,,:,,:,,:,,:,,:,,:,,:,,:,,:,,:,,:,,:,,:,,:,,:,,:,,:,,:,,:,,:,,:,,:,,:,,:,,:,,:,,:,,:,,:,,:,,:,,:,,:,,:,,:,,:,,:,,:,,:,,:,,:,,:,,:,,:,,:,,:,,:,,:,,:,,:,,:,,:,,:,,:,,:,,:,,:,,:,,:,,:,,:,,:,,:,,:,,:,,:,,:,,:,,:,,:,,:,,:,,:,,:,,:,,:,,:,,:,,:,,:,,:,,:,,:,,:,,:,,:,,:,,:,,:,,:,,:,,:,,0,,0,,0,,0,,0,,0,,0,,0,,0,,0,,0,,0,,0,,0,,0,,0,,0,,0,,0,,0,,0,,0,,0,,0,,:,,:,,:,,:,,:,,:,,:,,:,,:,,:,,:,,0,,0,,0,,0,,0,,0,,0,,0,,0,,0,,0,,0,,0,,0,,0,,0,,0,,0,,0,,0,,0,,0,,0,,0,,0,,0,,0,,0,,0,,0,,0,,0,,0,,0,,0,,0,,0,,0,,0,,0,,0,,0,,0,,0,,0,,0,,0,,0,,0,,663.56,,559.77,,654.58,
Serbia,:,,:,,:,,:,,:,,:,,:,,:,,:,,:,,:,,:,,:,,:,,:,,:,,:,,:,,:,,:,,:,,:,,:,,:,,:,,:,,:,,:,,:,,:,,:,,:,,:,,:,,:,,:,,:,,:,,:,,:,,:,,:,,:,,:,,:,,:,,:,,:,,:,,:,,:,,:,,:,,:,,:,,:,,:,,:,,:,,:,,:,,:,,:,,:,,:,,:,,:,,:,,:,,:,,:,,:,,:,,:,,:,,:,,:,,:,,:,,:,,:,,:,,:,,:,,:,,:,,:,,:,,:,,:,,:,,:,,:,,:,,:,,:,,:,,:,,:,,:,,:,,:,,:,,:,,:,,:,,:,,:,,307,,257,,210,,157,,172,,158,,165,,147,,145,,174,,264,,291,,285,,266,,253,,141,,170,,172,,142,,155,,156,,175,,245,,291,,299,,302,,219,,122,,129,,129,,162,,137,,175,,198,,248,,294,,278,,252,,226,,57,,42,,73,,125,,141,,182,,202,,238,,311,,303,,275,,289,,211,,174,,146,,171,,117,,377,,218,,214,,325,,468,,358,,278,,251,,190,,123,,183,,164,,169,,248,,386,,405,,391,,376,,322,,250,,192,,114,,143,,139,,143,,162,,326,,326,,356,,250,,243,,143,,153,,124,,151,,150,,162,,225,,380,,410,,464,,391,,345,
Türkiye,:,,:,,:,,:,,:,,:,,:,,:,,:,,:,,:,,:,,:,,:,,:,,:,,:,,:,,:,,:,,:,,:,,:,,:,,:,,:,,:,,:,,:,,:,,:,,:,,:,,:,,:,,:,,:,,:,,:,,:,,:,,:,,:,,:,,:,,:,,:,,:,,:,,:,,:,,:,,:,,:,,:,,:,,:,,:,,:,,:,,:,,:,,:,,:,,:,,:,,:,,:,,:,,:,,:,,:,,"4,792.00",,"4,219.00",,"4,536.00",,"4,067.00",,"3,883.00",,"3,434.00",,"3,690.00",,"3,738.00",,"3,894.00",,"3,228.00",,"4,558.00",,"5,004.00",,"4,998.00",,"4,633.00",,"4,278.00",,"3,573.00",,"3,333.00",,"3,201.00",,"3,325.00",,"3,742.00",,"3,489.00",,"3,746.00",,"4,572.00",,"5,341.00",,"5,393.00",,"3,964.00",,"3,813.00",,"3,553.00",,"3,197.00",,"3,173.00",,"3,220.00",,"3,627.00",,"3,007.00",,"3,456.00",,"4,355.00",,"5,574.00",,"5,915.00",,"5,253.00",,"5,029.00",,"4,251.00",,"3,728.00",,"3,610.00",,"4,136.00",,"4,016.00",,"3,681.00",,"4,138.00",,"5,394.00",,"5,970.00",,"6,216.00",,"5,404.00",,"4,726.00",,"3,670.00",,"3,009.00",,"2,923.00",,"3,634.00",,"3,035.00",,"3,282.00",,"3,708.00",,"4,347.00",,"6,053.00",,"5,770.00",,"4,277.00",,"4,296.00",,"3,551.00",,"2,681.00",,"2,675.00",,"3,257.00",,"3,149.00",,"3,039.00",,"3,159.00",,"3,901.00",,"5,417.00",,"5,988.76",,"5,261.42",,"3,941.01",,"2,501.09",,"2,667.40",,"1,990.91",,"3,109.89",,"3,354.74",,"3,723.09",,"4,041.28",,"5,153.05",,"6,260.01",,"6,093.91",,"6,002.62",,"5,827.25",,"4,725.19",,"3,599.52",,"4,063.27",,"4,047.49",,"4,170.90",,"4,281.49",,"4,657.30",,"5,048.96",,"6,184.26",,"6,704.89",,"6,272.90",,"6,215.39",,"4,067.46",,"3,729.52",,"3,836.03",,"3,411.44",,"3,852.88",,"3,401.37",,"3,238.19",,"4,123.14",,"5,808.85",,"6,048.24",,"6,011.56",,"4,557.78",,"3,982.20",,"3,692.27",,"2,332.40",,"3,030.95",,"3,681.35",,"3,291.83",,"3,358.23",,"4,433.83",,"6,063.12",,"6,519.70",,"5,337.32",,"4,317.70",,"2,395.25",,"2,882.34",,"2,314.93",,"3,574.71",,"3,892.53",,"3,377.52",,"3,952.22",,"5,806.26",,"7,364.17",,"6,418.88",,"6,433.02",,"5,996.22",
Ukraine,:,,:,,:,,:,,:,,:,,:,,:,,:,,:,,:,,:,,:,,:,,:,,:,,:,,:,,:,,:,,:,,:,,:,,:,,:,,:,,:,,:,,:,,:,,:,,:,,:,,:,,:,,:,,:,,:,,:,,:,,:,,:,,:,,:,,:,,:,,:,,:,,:,,:,,:,,:,,:,,:,,:,,:,,:,,:,,:,,:,,:,,:,,:,,:,,:,,:,,:,,:,,:,,:,,:,,:,,:,,:,,:,,:,,:,,:,,:,,:,,:,,:,,:,,:,,:,,:,,:,,:,,:,,:,,:,,:,,:,,:,,:,,:,,:,,:,,:,,:,,:,,:,,:,,:,,:,,:,,:,,:,,:,,:,,:,,:,,:,,:,,:,,:,,:,,:,,:,,:,,:,,:,,:,,:,,:,,:,,:,,:,,:,,:,,:,,:,,:,,:,,:,,:,,:,,:,,:,,:,,:,,:,,:,,:,,380,,877,,"1,126.00",,472,,346,,420,,556,,433,,321,,495,,247,,159,,429,,407,,420,,447,,238,,81,,490,,871,,885,,352,,386,,167,,233,,:,,:,,:,,:,,:,,:,,:,,:,,:,,:,,:,,:,,:,,:,,:,,:,,:,,:,,:,,:,,:,,:,,:,,:,,:,,:,,:,,:,,:,,:,,:,,:,,:,,:,,:,,:,,:,,:,
Kosovo*,:,,:,,:,,:,,:,,:,,:,,:,,:,,:,,:,,:,,:,,:,,:,,:,,:,,:,,:,,:,,:,,:,,:,,:,,:,,:,,:,,:,,:,,:,,:,,:,,:,,:,,:,,:,,:,,:,,:,,:,,:,,:,,:,,:,,:,,:,,:,,:,,:,,:,,:,,:,,:,,:,,:,,:,,:,,:,,:,,:,,:,,:,,:,,:,,:,,:,,:,,:,,:,,:,,:,,:,,:,,:,,:,,:,,:,,:,,:,,:,,:,,:,,:,,:,,:,,:,,:,,:,,:,,:,,:,,:,,:,,:,,:,,:,,:,,:,,:,,:,,:,,:,,:,,:,,:,,:,,:,,:,,:,,:,,:,,:,,:,,:,,:,,:,,:,,:,,:,,:,,:,,:,,:,,:,,:,,:,,:,,:,,:,,:,,:,,:,,:,,:,,:,,:,,:,,:,,:,,:,,:,,:,,:,,:,,:,,:,,:,,:,,:,,:,,:,,:,,:,,:,,:,,:,,:,,:,,:,,:,,:,,:,,:,,:,,:,,:,,:,,:,,0,,0,,0,,0,,0,,0,,0,,0,,0,,0,,0,,0,,:,,0,,0,,:,,:,,:,,:,,:,,:,,:,,:,,:,,:,,:,,:,,:,,:,,:,,:,,:,,:,,:,,:,,:,,:,,:,,:,
